{
  "1": 4.739354838709679,
  "2": 7.05035460992908,
  "3": 8.198709677419354,
  "4": 9.507333333333333,
  "5": 13.290967741935495,
  "6": 17.260666666666676,
  "7": 18.696129032258064,
  "8": 18.339999999999993,
  "9": 15.982666666666667,
  "10": 12.759354838709672,
  "11": 8.531999999999998,
  "12": 6.882580645161291
}