{
  "1": -4.370967741935486,
  "2": -0.7099290780141839,
  "3": 4.571612903225803,
  "4": 9.382000000000007,
  "5": 14.820000000000002,
  "6": 21.575999999999993,
  "7": 23.061935483870982,
  "8": 22.82258064516131,
  "9": 19.934666666666672,
  "10": 13.731612903225807,
  "11": 5.800000000000005,
  "12": 0.4322580645161292
}