{
  "1": -0.097419354838709,
  "2": 0.8312056737588642,
  "3": 6.437419354838708,
  "4": 11.259999999999998,
  "5": 16.31032258064516,
  "6": 22.016000000000005,
  "7": 25.403225806451616,
  "8": 23.797419354838716,
  "9": 20.22600000000001,
  "10": 14.581290322580639,
  "11": 8.085999999999999,
  "12": 2.834193548387096
}