{
  "n_simulations": 1000,
  "n_trades": 1072,
  "final_value": {
    "mean": 107251742.02756454,
    "std": 2440226643.962217,
    "percentiles": {
      "5": 10.13667363902317,
      "25": 532.3751691116894,
      "50": 8686.785881259628,
      "75": 193679.30940641885,
      "95": 14404132.918575535
    }
  },
  "max_drawdown": {
    "mean": -0.9872729742404925,
    "percentiles": {
      "5": -0.9999862320940157,
      "25": -0.9996077060012942,
      "50": -0.9970219587673326,
      "75": -0.9861505807961524,
      "95": -0.9362555961352047
    }
  },
  "sharpe": {
    "mean": -0.2706677266583719,
    "percentiles": {
      "5": -1.0927603263605608,
      "25": -0.5978260788026287,
      "50": -0.27306830508316604,
      "75": 0.06756757839375904,
      "95": 0.562403572817556
    }
  },
  "prob_profit": 0.303,
  "prob_ruin": 0.641
}