{
  "total_return": 0.3760820711705499,
  "cagr": 0.06318914235474082,
  "sharpe": 0.9510928106736842,
  "sortino": 1.805185331430775,
  "calmar": 0.3740631079899399,
  "max_drawdown": -0.16892642178559944,
  "max_drawdown_duration_days": 159,
  "volatility_ann": 0.1522464180768013,
  "skew": 3.1026834254148956,
  "kurtosis": 30.5266616760334,
  "var_95": -0.011665083012200738,
  "cvar_95": -0.016321903736917356,
  "n_trades": 1072,
  "win_rate": 0.5009328358208955,
  "avg_trade_return": 0.0070164565516893694,
  "avg_win": 0.10185308751572719,
  "avg_loss": -0.08817470387389627,
  "profit_factor": 1.1594464424581907,
  "avg_holding_days": 24.208955223880597,
  "alpha": 0.15879153238203356,
  "beta": 0.05350192730301761,
  "information_ratio": 0.7245038899580875,
  "tracking_error": 0.2191727809649437
}